[
	{
		"model": "polls.Choice",
		"pk": 3,
		"fields": {
			"choice_text": "No Airtel",
			"votes": "0",
			"question_id": 2
		}
	},
	{
		"model": "polls.Choice",
		"pk": 4,
		"fields": {
			"choice_text": "No Jio",
			"votes": "0",
			"question_id": 2
		}
	},
	{
		"model": "polls.Choice",
		"pk": 5,
		"fields": {
			"choice_text": "No Ramu",
			"votes": "0",
			"question_id": 3
		}
	},
	{
		"model": "polls.Choice",
		"pk": 6,
		"fields": {
			"choice_text": "Yes Raju",
			"votes": "0",
			"question_id": 3
		}
	}
]